{
    "0": {
        "name": "Erba liscia",
        "walkable": true,
        "type": "grass"
    },
    "1": {
        "name": "Ciuffo erba",
        "walkable": true,
        "type": "grass"
    },
    "2": {
        "name": "Erba calpestata",
        "walkable": true,
        "type": "grass"
    },
    "3": {
        "name": "Terriccio misto",
        "walkable": true,
        "type": "grass"
    },
    "4": {
        "name": "Zolla sporca",
        "walkable": true,
        "type": "grass"
    },
    "5": {
        "name": "Ciuffo erba 2",
        "walkable": true,
        "type": "grass"
    },
    "6": {
        "name": "Erba calpestata 2",
        "walkable": true,
        "type": "grass"
    },
    "7": {
        "name": "Erba calpestata 2",
        "walkable": true,
        "type": "grass"
    },
    "8": {
        "name": "Ciuffo erba 4",
        "walkable": true,
        "type": "grass"
    },
    "9": {
        "name": "Ciuffo erba 3",
        "walkable": true,
        "type": "grass"
    },
    "10": {
        "name": "Ciuffo erba 5C C   ",
        "walkable": true,
        "type": "grass"
    },
    "11": {
        "name": "Erba calpestata 2",
        "walkable": true,
        "type": "grass"
    },
    "12": {
        "name": " ",
        "walkable": true,
        "type": "grass"
    },
    "13": {
        "name": " ",
        "walkable": true,
        "type": "grass"
    },
    "14": {
        "name": "Erba calpestata",
        "walkable": true,
        "type": "grass"
    },
    "15": {
        "name": "Terriccio misto",
        "walkable": true,
        "type": "grass"
    },
    "16": {
        "name": "Zolla sporca",
        "walkable": true,
        "type": "grass"
    },
    "17": {
        "name": "Ciuffo erba 2",
        "walkable": true,
        "type": "grass"
    },
    "18": {
        "name": "Erba calpestata 2",
        "walkable": true,
        "type": "grass"
    },
    "19": {
        "name": "Erba calpestata 2",
        "walkable": true,
        "type": "grass"
    },
    "20": {
        "name": "Ciuffo erba 4",
        "walkable": true,
        "type": "grass"
    },
    "21": {
        "name": "Ciuffo erba 3",
        "walkable": true,
        "type": "grass"
    },
    "22": {
        "name": "Ciuffo erba 5C C   ",
        "walkable": true,
        "type": "grass"
    },
    "23": {
        "name": " ",
        "walkable": true,
        "type": "grass"
    }

}